{"cameraMode":{"drawMode":0,"name":"Shaded","section":"Shading Mode"},"sceneLighting":true,"audioPlay":false,"sceneViewState":{"m_AlwaysRefresh":false,"showFog":true,"showSkybox":true,"showFlares":true,"showImageEffects":true,"showParticleSystems":true,"showVisualEffectGraphs":true,"m_FxEnabled":true},"in2DMode":false,"pivot":{"x":370.2720031738281,"y":131.2212371826172,"z":-30.675752639770509},"rotation":{"x":0.054760854691267017,"y":-0.1222393736243248,"z":-0.006675776559859514,"w":-0.9910253882408142},"size":258.6664733886719,"orthographic":true}